Per,Nat,Pokemon,HP,Atk,Def,SpD,Spe,Total,Type I,Type II,Tier,Ability I,Hidden Ability,LK/GK,EXPV,Color,Hatch,Gender,Egg Group I,Egg Group II,Catch,EXP,Evolve,Per2,Nat2,Joh,Hoe,Sin,Un,Pokemon2,DW Ability,493.5,493.52
1.0,1.0,evolutionary line of Bulbasaur,45.0,49.0,49.0,65.0,45.0,318.0,Grass,Poison,NU,Overgrow,Chlorophyll,20.0,64.0,Green,5120.0,M (87.5%),Monster,Grass,45.0,1059860.0,,1.0,1.0,226.0,,,,Bulbasaur,,,
2.0,2.0,evolutionary line of Bulbasaur,60.0,62.0,63.0,80.0,60.0,405.0,Grass,Poison,NU,Overgrow,Chlorophyll,40.0,141.0,Green,,M (87.5%),Monster,Grass,45.0,1059860.0,Lv. 16,2.0,2.0,227.0,,,,Ivysaur,,,
3.0,3.0,evolutionary line of Bulbasaur,80.0,82.0,83.0,100.0,80.0,525.0,Grass,Poison,OU,Overgrow,Chlorophyll,100.0,208.0,Green,,M (87.5%),Monster,Grass,45.0,1059860.0,Lv. 32,3.0,3.0,228.0,,,,Venusaur,,,
4.0,4.0,evolutionary line of Charmander,39.0,52.0,43.0,50.0,65.0,309.0,Fire,,NU,Blaze,Solar Power,20.0,65.0,Red,5120.0,M (87.5%),Monster,Dragon,45.0,1059860.0,,4.0,4.0,229.0,,,,Charmander,,,
5.0,5.0,evolutionary line of Charmander,58.0,64.0,58.0,65.0,80.0,405.0,Fire,,NU,Blaze,Solar Power,40.0,142.0,Red,,M (87.5%),Monster,Dragon,45.0,1059860.0,Lv. 16,5.0,5.0,230.0,,,,Charmeleon,,,
6.0,6.0,evolutionary line of Charmander,78.0,84.0,78.0,85.0,100.0,534.0,Fire,Flying,UU,Blaze,Solar Power,80.0,209.0,Red,,M (87.5%),Monster,Dragon,45.0,1059860.0,Lv. 36,6.0,6.0,231.0,,,,Charizard,,,
7.0,7.0,evolutionary line of Squirtle,44.0,48.0,65.0,54.0,43.0,314.0,Water,,NU,Torrent,Rain Dish,20.0,66.0,Blue,5120.0,M (87.5%),Monster,Water 1,45.0,1059860.0,,7.0,7.0,232.0,,,,Squirtle,,,
8.0,8.0,evolutionary line of Squirtle,59.0,63.0,80.0,80.0,58.0,405.0,Water,,NU,Torrent,Rain Dish,40.0,143.0,Blue,,M (87.5%),Monster,Water 1,45.0,1059860.0,Lv. 16,8.0,8.0,233.0,,,,Wartortle,,,
9.0,9.0,evolutionary line of Squirtle,79.0,83.0,100.0,105.0,78.0,530.0,Water,,RU,Torrent,Rain Dish,80.0,210.0,Blue,,M (87.5%),Monster,Water 1,45.0,1059860.0,Lv. 36,9.0,9.0,234.0,,,,Blastoise,,,
10.0,10.0,evolutionary line of Caterpie,45.0,30.0,35.0,20.0,45.0,195.0,Bug,,NU,Shield Dust,Run Away,20.0,53.0,Green,3840.0,Neutral,Bug,,255.0,1000000.0,,10.0,10.0,24.0,,,,Caterpie,,,
11.0,11.0,evolutionary line of Caterpie,50.0,20.0,55.0,25.0,30.0,205.0,Bug,,NU,Shed Skin,,20.0,72.0,Green,,Neutral,Bug,,120.0,1000000.0,Lv. 7,11.0,11.0,25.0,,,,Metapod,,,
12.0,12.0,evolutionary line of Caterpie,60.0,45.0,50.0,80.0,70.0,385.0,Bug,Flying,NU,Compoundeyes,Tinted Lens,60.0,160.0,White,,Neutral,Bug,,45.0,1000000.0,Lv. 10,12.0,12.0,26.0,,,,Butterfree,,,
13.0,13.0,evolutionary line of Weedle,40.0,35.0,30.0,20.0,50.0,195.0,Bug,Poison,NU,Shield Dust,Run Away,20.0,52.0,Brown,3840.0,Neutral,Bug,,255.0,1000000.0,,13.0,13.0,27.0,,,,Weedle,,,
14.0,14.0,evolutionary line of Weedle,45.0,25.0,50.0,25.0,35.0,205.0,Bug,Poison,NU,Shed Skin,,20.0,71.0,Yellow,,Neutral,Bug,,120.0,1000000.0,Lv. 7,14.0,14.0,28.0,,,,Kakuna,,,
15.0,15.0,evolutionary line of Weedle,65.0,80.0,40.0,80.0,75.0,380.0,Bug,Poison,NU,Swarm,Sniper,60.0,159.0,Yellow,,Neutral,Bug,,45.0,1000000.0,Lv. 10,15.0,15.0,29.0,,,,Beedrill,,,
16.0,16.0,evolutionary line of Pidgey,40.0,45.0,40.0,35.0,56.0,251.0,Normal,Flying,NU,Keen Eye,Big Pecks,20.0,55.0,Brown,3840.0,Neutral,Flying,,255.0,1059860.0,,16.0,16.0,10.0,,,,Pidgey,,,
17.0,17.0,evolutionary line of Pidgey,63.0,60.0,55.0,50.0,71.0,349.0,Normal,Flying,NU,Keen Eye,Big Pecks,60.0,113.0,Brown,,Neutral,Flying,,120.0,1059860.0,Lv. 18,17.0,17.0,11.0,,,,Pidgeotto,,,
18.0,18.0,evolutionary line of Pidgey,83.0,80.0,75.0,70.0,91.0,469.0,Normal,Flying,NU,Keen Eye,Big Pecks,60.0,172.0,Brown,,Neutral,Flying,,45.0,1059860.0,Lv. 36,18.0,18.0,12.0,,,,Pidgeot,,,
19.0,19.0,Rattata and Raticate,30.0,56.0,35.0,35.0,72.0,253.0,Normal,,NU,Run Away,Hustle,20.0,57.0,Purple,3840.0,Neutral,Field,,255.0,1000000.0,,19.0,19.0,17.0,,,,Rattata,,,
20.0,20.0,Rattata and Raticate,55.0,81.0,60.0,70.0,97.0,413.0,Normal,,NU,Run Away,Hustle,40.0,116.0,Brown,,Neutral,Field,,127.0,1000000.0,Lv. 20,20.0,20.0,18.0,,,,Raticate,,,
21.0,21.0,Spearow and Fearow,40.0,60.0,30.0,31.0,70.0,262.0,Normal,Flying,NU,Keen Eye,Sniper,20.0,58.0,Brown,3840.0,Neutral,Flying,,255.0,1000000.0,,21.0,21.0,13.0,,,,Spearow,,,
22.0,22.0,Spearow and Fearow,65.0,90.0,65.0,61.0,100.0,442.0,Normal,Flying,NU,Keen Eye,Sniper,60.0,162.0,Brown,,Neutral,Flying,,90.0,1000000.0,Lv. 20,22.0,22.0,14.0,,,,Fearow,,,
23.0,23.0,Ekans and Arbok,30.0,60.0,44.0,54.0,55.0,283.0,Poison,,NU,Intimidate,Unnerve,20.0,62.0,Purple,5120.0,Neutral,Field,Dragon,255.0,1000000.0,,23.0,23.0,50.0,,,,Ekans,,,
24.0,24.0,Ekans and Arbok,60.0,85.0,69.0,79.0,80.0,438.0,Poison,,NU,Intimidate,Unnerve,80.0,147.0,Purple,,Neutral,Field,Dragon,90.0,1000000.0,Lv. 22,24.0,24.0,51.0,,,,Arbok,,,
26.0,25.0,evolutionary line of Pichu,35.0,55.0,30.0,40.0,90.0,300.0,Electric,,NU,Static,Lightningrod,20.0,82.0,Yellow,,Neutral,Field,Fairy,190.0,1000000.0,Friendship,26.0,25.0,22.0,156.0,104.0,,Pikachu,,,
27.0,26.0,evolutionary line of Pichu,60.0,90.0,55.0,80.0,100.0,475.0,Electric,,NU,Static,Lightningrod,60.0,122.0,Yellow,,Neutral,Field,Fairy,75.0,1000000.0,Thunderstone,27.0,26.0,23.0,157.0,105.0,,Raichu,,,
28.0,27.0,Sandshrew and Sandslash,50.0,75.0,85.0,30.0,40.0,300.0,Ground,,NU,Sand Veil,Sand Rush,40.0,93.0,Yellow,5120.0,Neutral,Field,,255.0,1000000.0,,28.0,27.0,48.0,112.0,,,Sandshrew,,,
29.0,28.0,Sandshrew and Sandslash,75.0,100.0,110.0,55.0,65.0,450.0,Ground,,NU,Sand Veil,Sand Rush,60.0,163.0,Yellow,,Neutral,Field,,90.0,1000000.0,Lv. 22,29.0,28.0,49.0,113.0,,,Sandslash,,,
30.0,29.0,evolutionary line of Nidoran♀,55.0,47.0,52.0,40.0,41.0,275.0,Poison,,NU,Poison Point,Hustle,20.0,59.0,Blue,5120.0,F (100%),Monster,Field,235.0,1059860.0,,30.0,29.0,95.0,,,,Nidoran ♀,,,
31.0,30.0,evolutionary line of Nidoran♀,70.0,62.0,67.0,55.0,56.0,365.0,Poison,,NU,Poison Point,Hustle,40.0,117.0,Blue,,F (100%),-,,120.0,1059860.0,Lv. 16,31.0,30.0,96.0,,,,Nidorina,,,
32.0,31.0,evolutionary line of Nidoran♀,90.0,82.0,87.0,85.0,76.0,495.0,Poison,Ground,UU,Poison Point,Sheer Force,80.0,194.0,Blue,,F (100%),-,,45.0,1059860.0,Moon Stone,32.0,31.0,97.0,,,,Nidoqueen,,,
33.0,32.0,evolutionary line of Nidoran♀,46.0,57.0,40.0,40.0,50.0,273.0,Poison,,NU,Poison Point,Hustle,20.0,60.0,Purple,5120.0,M (100%),Monster,Field,235.0,1059860.0,,33.0,32.0,98.0,,,,Nidoran ♂,,,
34.0,33.0,evolutionary line of Nidoran♂,61.0,72.0,57.0,55.0,65.0,365.0,Poison,,NU,Poison Point,Hustle,40.0,118.0,Purple,,M (100%),Monster,Field,120.0,1059860.0,Lv. 16,34.0,33.0,99.0,,,,Nidorino,,,
35.0,34.0,evolutionary line of Nidoran♂,81.0,92.0,77.0,75.0,85.0,495.0,Poison,Ground,UU,Poison Point,Sheer Force,80.0,195.0,Purple,,M (100%),Monster,Field,45.0,1059860.0,Moon Stone,35.0,34.0,100.0,,,,Nidoking,,,
37.0,35.0,evolutionary line of Cleffa,70.0,45.0,48.0,65.0,35.0,323.0,Normal,,NU,Cute Charm,Friend Guard,20.0,68.0,Pink,,F (75%),Fairy,,150.0,800000.0,Friendship,37.0,35.0,41.0,,100.0,,Clefairy,,,
38.0,36.0,evolutionary line of Cleffa,95.0,70.0,73.0,90.0,60.0,473.0,Normal,,RU,Cute Charm,Unaware,60.0,129.0,Pink,,F (75%),Fairy,,25.0,800000.0,Moon Stone,38.0,36.0,42.0,,101.0,,Clefable,,,
39.0,37.0,Vulpix and Ninetales,38.0,41.0,40.0,65.0,65.0,299.0,Fire,,UU,Flash Fire,Drought,20.0,63.0,Brown,5120.0,F (75%),Field,,190.0,1000000.0,,39.0,37.0,125.0,153.0,,,Vulpix,,,
40.0,38.0,Vulpix and Ninetales,73.0,76.0,75.0,100.0,100.0,505.0,Fire,,OU,Flash Fire,Drought,40.0,178.0,Yellow,,F (75%),Field,,75.0,1000000.0,Fire Stone,40.0,38.0,126.0,154.0,,,Ninetales,,,
42.0,39.0,evolutionary line of Igglybuff,115.0,45.0,20.0,25.0,20.0,270.0,Normal,,NU,Cute Charm,Friend Guard,20.0,76.0,Pink,,F (75%),Fairy,,170.0,800000.0,Friendship,42.0,39.0,44.0,138.0,,,Jigglypuff,,,
43.0,40.0,evolutionary line of Igglybuff,140.0,70.0,45.0,50.0,45.0,425.0,Normal,,NU,Cute Charm,Frisk,40.0,109.0,Pink,,F (75%),Fairy,,50.0,800000.0,Moon Stone,43.0,40.0,45.0,139.0,,,Wigglytuff,,,
44.0,41.0,"Zubat, Golbat, and Crobat",40.0,45.0,35.0,40.0,55.0,245.0,Poison,Flying,NU,Inner Focus,Infiltrator,20.0,54.0,Purple,3840.0,Neutral,Flying,,255.0,1000000.0,,44.0,41.0,37.0,63.0,28.0,,Zubat,,,
45.0,42.0,"Zubat, Golbat, and Crobat",75.0,80.0,70.0,75.0,90.0,455.0,Poison,Flying,NU,Inner Focus,Infiltrator,80.0,171.0,Purple,,Neutral,Flying,,90.0,1000000.0,Lv. 22,45.0,42.0,38.0,64.0,29.0,,Golbat,,,
47.0,43.0,evolutionary line of Oddish,45.0,50.0,55.0,65.0,30.0,320.0,Grass,Poison,NU,Chlorophyll,Run Away,20.0,78.0,Blue,5120.0,Neutral,Grass,,255.0,1059860.0,,47.0,43.0,83.0,88.0,,,Oddish,,,
48.0,44.0,evolutionary line of Oddish,60.0,65.0,70.0,75.0,40.0,395.0,Grass,Poison,NU,Chlorophyll,Stench,20.0,132.0,Blue,,Neutral,Grass,,120.0,1059860.0,Lv. 22,48.0,44.0,84.0,89.0,,,Gloom,,,
49.0,45.0,evolutionary line of Oddish,75.0,80.0,85.0,90.0,50.0,480.0,Grass,Poison,NU,Chlorophyll,Effect Spore,40.0,184.0,Red,,Neutral,Grass,,45.0,1059860.0,Leaf Stone,49.0,45.0,85.0,90.0,,,Vileplume,,,
51.0,46.0,Paras and Parasect,35.0,70.0,55.0,55.0,25.0,285.0,Bug,Grass,NU,Effect Spore,Damp,20.0,70.0,Red,5120.0,Neutral,Bug,Grass,190.0,1000000.0,,51.0,46.0,70.0,,,,Paras,,,
52.0,47.0,Paras and Parasect,60.0,95.0,80.0,80.0,30.0,405.0,Bug,Grass,NU,Effect Spore,Damp,60.0,128.0,Red,,Neutral,Bug,Grass,75.0,1000000.0,Lv. 24,52.0,47.0,71.0,,,,Parasect,,,
53.0,48.0,Venonat and Venomoth,60.0,55.0,50.0,55.0,45.0,305.0,Bug,Poison,NU,Compoundeyes,Run Away,60.0,75.0,Purple,5120.0,Neutral,Bug,,190.0,1000000.0,,53.0,48.0,108.0,,,,Venonat,,,
54.0,49.0,Venonat and Venomoth,70.0,65.0,60.0,75.0,90.0,450.0,Bug,Poison,RU,Shield Dust,Wonder Skin,40.0,138.0,Purple,,Neutral,Bug,,75.0,1000000.0,Lv. 31,54.0,49.0,109.0,,,,Venomoth,,,
55.0,50.0,Diglett and Dugtrio,10.0,55.0,25.0,45.0,95.0,265.0,Ground,,NU,Sand Veil,Sand Force,20.0,81.0,Brown,5120.0,Neutral,Field,,255.0,1000000.0,,55.0,50.0,132.0,,,,Diglett,,,
56.0,51.0,Diglett and Dugtrio,35.0,80.0,50.0,70.0,120.0,405.0,Ground,,NU,Sand Veil,Sand Force,60.0,153.0,Brown,,Neutral,Field,,50.0,1000000.0,Lv. 26,56.0,51.0,133.0,,,,Dugtrio,,,
57.0,52.0,Meowth and Persian,40.0,45.0,35.0,40.0,90.0,290.0,Normal,,NU,Pickup,Unnerve,20.0,69.0,Yellow,5120.0,Neutral,Field,,255.0,1000000.0,,57.0,52.0,136.0,,,,Meowth,,,
58.0,53.0,Meowth and Persian,65.0,70.0,60.0,65.0,115.0,440.0,Normal,,NU,Limber,Unnerve,60.0,148.0,Yellow,,Neutral,Field,,90.0,1000000.0,Lv. 28,58.0,53.0,137.0,,,,Persian,,,
59.0,54.0,Psyduck and Golduck,50.0,52.0,48.0,50.0,55.0,320.0,Water,,NU,Damp,Swift Swim,40.0,80.0,Yellow,5120.0,Neutral,Water 1,Field,190.0,1000000.0,,59.0,54.0,138.0,158.0,43.0,,Psyduck,,,
60.0,55.0,Psyduck and Golduck,80.0,82.0,78.0,80.0,85.0,500.0,Water,,NU,Damp,Swift Swim,80.0,174.0,Blue,,Neutral,Water 1,Field,75.0,1000000.0,Lv. 33,60.0,55.0,139.0,159.0,44.0,,Golduck,,,
61.0,56.0,Mankey and Primeape,40.0,80.0,35.0,45.0,70.0,305.0,Fighting,,NU,Vital Spirit,Defiant,60.0,74.0,Brown,5120.0,Neutral,Field,,190.0,1000000.0,,61.0,56.0,134.0,,,,Mankey,,,
62.0,57.0,Mankey and Primeape,65.0,105.0,60.0,70.0,95.0,455.0,Fighting,,RU,Vital Spirit,Defiant,60.0,149.0,Brown,,Neutral,Field,,75.0,1000000.0,Lv. 28,62.0,57.0,135.0,,,,Primeape,,,
63.0,58.0,Growlithe and Arcanine,55.0,70.0,45.0,50.0,60.0,350.0,Fire,,NU,Intimidate,Justified,40.0,91.0,Brown,5120.0,M (75%),Field,,190.0,1250000.0,,63.0,58.0,127.0,,,,Growlithe,,,
64.0,59.0,Growlithe and Arcanine,90.0,110.0,80.0,80.0,95.0,555.0,Fire,,UU,Intimidate,Justified,100.0,213.0,Brown,,M (75%),Field,,75.0,1250000.0,Fire Stone,64.0,59.0,128.0,,,,Arcanine,,,
65.0,60.0,evolutionary line of Poliwag,40.0,50.0,40.0,40.0,90.0,300.0,Water,,NU,Water Absorb,Swift Swim,40.0,77.0,Blue,5120.0,Neutral,Water 1,,255.0,1059860.0,,65.0,60.0,72.0,,,,Poliwag,,,
66.0,61.0,evolutionary line of Poliwag,65.0,65.0,65.0,50.0,90.0,385.0,Water,,NU,Water Absorb,Swift Swim,40.0,131.0,Blue,,Neutral,Water 1,,120.0,1059860.0,Lv. 25,66.0,61.0,73.0,,,,Poliwhirl,,,
67.0,62.0,evolutionary line of Poliwag,90.0,85.0,95.0,90.0,70.0,500.0,Water,Fighting,RU,Water Absorb,Swift Swim,80.0,185.0,Blue,,Neutral,Water 1,,45.0,1059860.0,Water Stone,67.0,62.0,74.0,,,,Poliwrath,,,
69.0,63.0,evolutionary line of Abra,25.0,20.0,15.0,55.0,90.0,310.0,Psychic,,NU,Synchronize,Magic Guard,40.0,75.0,Brown,5120.0,M (75%),Human-Like,,200.0,1059860.0,,69.0,63.0,89.0,39.0,20.0,,Abra,,,
70.0,64.0,evolutionary line of Abra,40.0,35.0,30.0,70.0,105.0,400.0,Psychic,,NU,Synchronize,Magic Guard,80.0,145.0,Brown,,M (75%),Human-Like,,100.0,1059860.0,Lv. 16,70.0,64.0,90.0,40.0,21.0,,Kadabra,,,
71.0,65.0,evolutionary line of Abra,55.0,50.0,45.0,85.0,120.0,490.0,Psychic,,RU,Synchronize,Magic Guard,60.0,186.0,Brown,,M (75%),Human-Like,,50.0,1059860.0,Trade,71.0,65.0,91.0,41.0,22.0,,Alakazam,,,
72.0,66.0,evolutionary line of Machop,70.0,80.0,50.0,35.0,35.0,305.0,Fighting,,NU,Guts,Steadfast,40.0,75.0,Gray,5120.0,M (75%),Human-Like,,180.0,1059860.0,,72.0,66.0,140.0,73.0,40.0,,Machop,,,
73.0,67.0,evolutionary line of Machop,80.0,100.0,70.0,60.0,45.0,405.0,Fighting,,NU,Guts,Steadfast,80.0,146.0,Gray,,M (75%),Human-Like,,90.0,1059860.0,Lv. 28,73.0,67.0,141.0,74.0,41.0,,Machoke,,,
74.0,68.0,evolutionary line of Machop,90.0,130.0,80.0,85.0,55.0,505.0,Fighting,,OU,Guts,Steadfast,100.0,193.0,Gray,,M (75%),Human-Like,,45.0,1059860.0,Trade,74.0,68.0,142.0,75.0,42.0,,Machamp,,,
75.0,69.0,evolutionary line of Bellsprout,50.0,75.0,35.0,30.0,40.0,300.0,Grass,Poison,NU,Chlorophyll,Gluttony,20.0,84.0,Green,5120.0,Neutral,Grass,,255.0,1059860.0,,75.0,69.0,64.0,,,,Bellsprout,,,
76.0,70.0,evolutionary line of Bellsprout,65.0,90.0,50.0,45.0,55.0,390.0,Grass,Poison,NU,Chlorophyll,Gluttony,20.0,151.0,Green,,Neutral,Grass,,120.0,1059860.0,Lv. 21,76.0,70.0,65.0,,,,Weepinbell,,,
77.0,71.0,evolutionary line of Bellsprout,80.0,105.0,65.0,60.0,70.0,480.0,Grass,Poison,UU,Chlorophyll,Gluttony,40.0,191.0,Green,,Neutral,Grass,,45.0,1059860.0,Leaf Stone,77.0,71.0,66.0,,,,Victreebel,,,
78.0,72.0,Tentacool and Tentacruel,40.0,40.0,35.0,100.0,70.0,335.0,Water,Poison,NU,Clear Body,Rain Dish,60.0,105.0,Blue,5120.0,Neutral,Water 3,,190.0,1250000.0,,78.0,72.0,162.0,66.0,136.0,,Tentacool,,,
79.0,73.0,Tentacool and Tentacruel,80.0,70.0,65.0,120.0,100.0,515.0,Water,Poison,OU,Clear Body,Rain Dish,80.0,205.0,Blue,,Neutral,Water 3,,60.0,1250000.0,Lv. 30,79.0,73.0,163.0,67.0,137.0,,Tentacruel,,,
80.0,74.0,evolutionary line of Geodude,40.0,80.0,100.0,30.0,20.0,300.0,Rock,Ground,NU,Rock Head,Sand Veil,40.0,73.0,Brown,3840.0,Neutral,Mineral,,255.0,1059860.0,,80.0,74.0,34.0,57.0,31.0,,Geodude,,,
81.0,75.0,evolutionary line of Geodude,55.0,95.0,115.0,45.0,35.0,390.0,Rock,Ground,NU,Rock Head,Sand Veil,100.0,134.0,Brown,,Neutral,Mineral,,120.0,1059860.0,Lv. 25,81.0,75.0,35.0,58.0,32.0,,Graveler,,,
82.0,76.0,evolutionary line of Geodude,80.0,110.0,130.0,65.0,45.0,485.0,Rock,Ground,NU,Rock Head,Sand Veil,120.0,177.0,Brown,,Neutral,Mineral,,45.0,1059860.0,Trade,82.0,76.0,36.0,59.0,33.0,,Golem,,,
83.0,77.0,Ponyta and Rapidash,50.0,85.0,55.0,65.0,90.0,410.0,Fire,,NU,Run Away,Flame Body,60.0,152.0,Yellow,5120.0,Neutral,Field,,190.0,1000000.0,,83.0,77.0,201.0,,77.0,,Ponyta,,,
84.0,78.0,Ponyta and Rapidash,65.0,100.0,70.0,80.0,105.0,500.0,Fire,,NU,Run Away,Flame Body,80.0,192.0,Yellow,,Neutral,Field,,60.0,1000000.0,Lv. 40,84.0,78.0,202.0,,78.0,,Rapidash,,,
85.0,79.0,evolutionary line of Slowpoke,90.0,65.0,65.0,40.0,15.0,315.0,Water,Psychic,NU,Oblivious,Regenerator,60.0,99.0,Pink,5120.0,Neutral,Monster,Water 1,190.0,1000000.0,,85.0,79.0,80.0,,,,Slowpoke,,,
86.0,80.0,evolutionary line of Slowpoke,95.0,75.0,110.0,80.0,30.0,490.0,Water,Psychic,UU,Oblivious,Regenerator,80.0,164.0,Pink,,Neutral,Monster,Water 1,75.0,1000000.0,Lv. 37,86.0,80.0,81.0,,,,Slowbro,,,
88.0,81.0,evolutionary line of Magnemite,25.0,35.0,70.0,55.0,45.0,325.0,Electric,Steel,NU,Magnet Pull,Analytic,20.0,89.0,Gray,5120.0,None,Mineral,,190.0,1000000.0,,88.0,81.0,118.0,82.0,178.0,,Magnemite,,,
89.0,82.0,evolutionary line of Magnemite,50.0,60.0,95.0,70.0,70.0,465.0,Electric,Steel,NU,Magnet Pull,Analytic,80.0,161.0,Gray,,None,Mineral,,60.0,1000000.0,Lv. 30,89.0,82.0,119.0,83.0,179.0,,Magneton,,,
91.0,83.0,Farfetch'd and Sirfetch'd,52.0,65.0,55.0,62.0,60.0,352.0,Normal,Flying,NU,Keen Eye,Defiant,40.0,94.0,Brown,5120.0,Neutral,Flying,Field,45.0,1000000.0,N,91.0,83.0,158.0,,,,Farfetch'd,,,
92.0,84.0,Doduo and Dodrio,35.0,85.0,45.0,35.0,75.0,310.0,Normal,Flying,NU,Run Away,Tangled Feet,60.0,96.0,Brown,5120.0,Neutral,Flying,,190.0,1000000.0,,92.0,84.0,199.0,92.0,,,Doduo,,,
93.0,85.0,Doduo and Dodrio,60.0,110.0,70.0,60.0,100.0,460.0,Normal,Flying,NU,Run Away,Tangled Feet,80.0,158.0,Brown,,Neutral,Flying,,45.0,1000000.0,Lv. 31,93.0,85.0,200.0,93.0,,,Dodrio,,,
94.0,86.0,Seel and Dewgong,65.0,45.0,55.0,70.0,45.0,325.0,Water,,NU,Thick Fat,Ice Body,80.0,100.0,White,5120.0,Neutral,Water 1,Field,190.0,1000000.0,,94.0,86.0,176.0,,,,Seel,,,
95.0,87.0,Seel and Dewgong,90.0,70.0,80.0,95.0,70.0,475.0,Water,Ice,NU,Thick Fat,Ice Body,100.0,176.0,White,,Neutral,Water 1,Field,75.0,1000000.0,Lv. 34,95.0,87.0,177.0,,,,Dewgong,,,
96.0,88.0,Grimer and Muk,80.0,80.0,50.0,50.0,25.0,325.0,Poison,,NU,Stench,Poison Touch,60.0,90.0,Purple,5120.0,Neutral,Amorphous,,190.0,1000000.0,,96.0,88.0,116.0,106.0,,,Grimer,,,
97.0,89.0,Grimer and Muk,105.0,105.0,75.0,100.0,50.0,500.0,Poison,,NU,Stench,Poison Touch,60.0,157.0,Purple,,Neutral,Amorphous,,75.0,1000000.0,Lv. 38,97.0,89.0,117.0,107.0,,,Muk,,,
98.0,90.0,Shellder and Cloyster,30.0,65.0,100.0,25.0,40.0,305.0,Water,,NU,Shell Armor,Overcoat,20.0,97.0,Purple,5120.0,Neutral,Water 3,,190.0,1250000.0,,98.0,90.0,169.0,,,,Shellder,,,
99.0,91.0,Shellder and Cloyster,50.0,90.0,180.0,45.0,70.0,520.0,Water,Ice,OU,Shell Armor,Overcoat,100.0,203.0,Purple,,Neutral,Water 3,,60.0,1250000.0,Water Stone,99.0,91.0,170.0,,,,Cloyster,,,
100.0,92.0,evolutionary line of Gastly,30.0,35.0,30.0,35.0,80.0,310.0,Ghost,Poison,NU,Levitate,,20.0,95.0,Purple,5120.0,Neutral,Amorphous,,190.0,1059860.0,,100.0,92.0,58.0,,69.0,,Gastly,,,
101.0,93.0,evolutionary line of Gastly,45.0,50.0,45.0,55.0,95.0,405.0,Ghost,Poison,NU,Levitate,,20.0,126.0,Purple,,Neutral,Amorphous,,90.0,1059860.0,Lv. 25,101.0,93.0,59.0,,70.0,,Haunter,,,
102.0,94.0,evolutionary line of Gastly,60.0,65.0,60.0,75.0,110.0,500.0,Ghost,Poison,OU,Levitate,,60.0,190.0,Purple,,Neutral,Amorphous,,45.0,1059860.0,Trade,102.0,94.0,60.0,,71.0,,Gengar,,,
103.0,95.0,Onix and Steelix,35.0,45.0,160.0,45.0,70.0,385.0,Rock,Ground,NU,Rock Head,Weak Armor,120.0,108.0,Gray,6140.0,Neutral,Mineral,,45.0,1000000.0,,103.0,95.0,62.0,,34.0,,Onix,,,
105.0,96.0,Drowzee and Hypno,60.0,48.0,45.0,90.0,42.0,328.0,Psychic,,NU,Insomnia,Inner Focus,60.0,102.0,Yellow,5120.0,Neutral,Human-Like,,190.0,1000000.0,,105.0,96.0,87.0,,,,Drowzee,,,
106.0,97.0,Drowzee and Hypno,85.0,73.0,70.0,115.0,67.0,483.0,Psychic,,NU,Insomnia,Inner Focus,80.0,165.0,Yellow,,Neutral,Human-Like,,75.0,1000000.0,Lv. 26,106.0,97.0,88.0,,,,Hypno,,,
107.0,98.0,Krabby and Kingler,30.0,105.0,90.0,25.0,50.0,325.0,Water,,NU,Hyper Cutter,Sheer Force,20.0,115.0,Red,5120.0,Neutral,Water 3,,225.0,1000000.0,,107.0,98.0,164.0,,,,Krabby,,,
108.0,99.0,Krabby and Kingler,55.0,130.0,115.0,50.0,75.0,475.0,Water,,NU,Hyper Cutter,Sheer Force,80.0,206.0,Red,,Neutral,Water 3,,60.0,1000000.0,Lv. 28,108.0,99.0,165.0,,,,Kingler,,,
109.0,100.0,Voltorb and Electrode,40.0,30.0,50.0,55.0,100.0,330.0,Electric,,NU,Soundproof,Aftermath,40.0,103.0,Red,5120.0,None,Mineral,,190.0,1000000.0,,109.0,100.0,120.0,84.0,,,Voltorb,,,
110.0,101.0,Voltorb and Electrode,60.0,50.0,70.0,80.0,140.0,480.0,Electric,,NU,Soundproof,Aftermath,80.0,150.0,Red,,None,Mineral,,60.0,1000000.0,Lv. 30,110.0,101.0,121.0,85.0,,,Electrode,,,
111.0,102.0,Exeggcute and Exeggutor,60.0,40.0,80.0,45.0,40.0,325.0,Grass,Psychic,NU,Chlorophyll,Harvest,20.0,98.0,Pink,5120.0,Neutral,Grass,,90.0,1250000.0,,111.0,102.0,104.0,,,,Exeggcute,,,
112.0,103.0,Exeggcute and Exeggutor,95.0,95.0,85.0,65.0,55.0,520.0,Grass,Psychic,NU,Chlorophyll,Harvest,100.0,212.0,Yellow,,Neutral,Grass,,45.0,1250000.0,Leaf Stone,112.0,103.0,105.0,,,,Exeggutor,,,
113.0,104.0,Cubone and Marowak,50.0,50.0,95.0,50.0,35.0,320.0,Ground,,NU,Rock Head,Battle Armor,20.0,87.0,Brown,5120.0,Neutral,Monster,,190.0,1000000.0,,113.0,104.0,203.0,,,,Cubone,,,
114.0,105.0,Cubone and Marowak,60.0,80.0,110.0,80.0,45.0,425.0,Ground,,NU,Rock Head,Battle Armor,60.0,124.0,Brown,,Neutral,Monster,,75.0,1000000.0,Lv. 28,114.0,105.0,204.0,,,,Marowak,,,
116.0,106.0,evolutionary line of Tyrogue,50.0,120.0,53.0,110.0,87.0,455.0,Fighting,,RU,Limber,Unburden,60.0,139.0,Brown,,M (100%),Human-Like,,45.0,1000000.0,Lv. 20 (Atk>Def),116.0,106.0,144.0,,,,Hitmonlee,,,
117.0,107.0,evolutionary line of Tyrogue,50.0,105.0,79.0,110.0,76.0,455.0,Fighting,,RU,Keen Eye,Inner Focus,80.0,140.0,Brown,,M (100%),Human-Like,,45.0,1000000.0,Lv. 20 (Atk<Def),117.0,107.0,145.0,,,,Hitmonchan,,,
119.0,108.0,Lickitung and Lickilicky,90.0,55.0,75.0,75.0,30.0,385.0,Normal,,NU,Own Tempo,Cloud Nine,80.0,127.0,Pink,5120.0,Neutral,Monster,,45.0,1000000.0,,119.0,108.0,178.0,,161.0,,Lickitung,,,
121.0,109.0,Koffing and Weezing,40.0,65.0,95.0,45.0,35.0,340.0,Poison,,NU,Levitate,,20.0,114.0,Purple,5120.0,Neutral,Amorphous,,190.0,1000000.0,,121.0,109.0,114.0,108.0,,,Koffing,,,
122.0,110.0,Koffing and Weezing,65.0,90.0,120.0,70.0,60.0,490.0,Poison,,RU,Levitate,,20.0,173.0,Purple,,Neutral,Amorphous,,60.0,1000000.0,Lv. 35,122.0,110.0,115.0,109.0,,,Weezing,,,
123.0,111.0,evolutionary line of Rhyhorn,80.0,85.0,95.0,30.0,25.0,345.0,Ground,Rock,NU,Lightningrod,Reckless,100.0,135.0,Gray,5120.0,Neutral,Monster,Field,120.0,1250000.0,,123.0,111.0,206.0,169.0,186.0,,Rhyhorn,,,
124.0,112.0,evolutionary line of Rhyhorn,105.0,130.0,120.0,45.0,40.0,485.0,Ground,Rock,NU,Lightningrod,Reckless,100.0,204.0,Gray,,Neutral,Monster,Field,60.0,1250000.0,Lv. 42,124.0,112.0,207.0,170.0,187.0,,Rhydon,,,
127.0,113.0,evolutionary line of Happiny,250.0,5.0,5.0,105.0,50.0,450.0,Normal,,UU,Natural Cure,Healer,60.0,255.0,Pink,10240.0,F (100%),Fairy,,30.0,800000.0,Morn/Day Fr. h/ Oval Stone,127.0,113.0,217.0,,97.0,,Chansey,,,
129.0,114.0,Tangela and Tangrowth,65.0,55.0,115.0,40.0,60.0,435.0,Grass,,RU,Chlorophyll,Regenerator,60.0,166.0,Blue,5120.0,Neutral,Grass,,45.0,1000000.0,,129.0,114.0,179.0,,181.0,,Tangela,,,
132.0,116.0,evolutionary line of Horsea,30.0,40.0,70.0,25.0,60.0,295.0,Water,,NU,Swift Swim,Damp,20.0,83.0,Blue,5120.0,Neutral,Water 1,Dragon,225.0,1000000.0,,132.0,116.0,186.0,184.0,,,Horsea,,,
133.0,117.0,evolutionary line of Horsea,55.0,65.0,95.0,45.0,85.0,440.0,Water,,NU,Poison Point,Damp,40.0,155.0,Blue,,Neutral,Water 1,Dragon,75.0,1000000.0,Lv. 32,133.0,117.0,187.0,185.0,,,Seadra,,,
135.0,118.0,Goldeen and Seaking,45.0,67.0,60.0,50.0,63.0,320.0,Water,,NU,Swift Swim,Lightningrod,40.0,111.0,Red,5120.0,Neutral,Water 2,,225.0,1000000.0,,135.0,118.0,78.0,50.0,78.0,,Goldeen,,,
136.0,119.0,Goldeen and Seaking,80.0,92.0,65.0,80.0,68.0,450.0,Water,,NU,Swift Swim,Lightningrod,60.0,170.0,Red,,Neutral,Water 2,,60.0,1000000.0,Lv. 33,136.0,119.0,79.0,51.0,79.0,,Seaking,,,
137.0,120.0,Staryu and Starmie,30.0,45.0,55.0,55.0,85.0,340.0,Water,,NU,Illuminate,Analytic,60.0,106.0,Brown,5120.0,None,Water 3,,225.0,1250000.0,,137.0,120.0,167.0,143.0,,,Staryu,,,
138.0,121.0,Staryu and Starmie,60.0,75.0,85.0,85.0,115.0,520.0,Water,Psychic,OU,Illuminate,Analytic,80.0,207.0,Purple,,None,Water 3,,60.0,1250000.0,Water Stone,138.0,121.0,168.0,144.0,,,Starmie,,,
140.0,122.0,Mime Jr. and Mr. Mime,40.0,45.0,65.0,120.0,90.0,460.0,Psychic,,NU,Soundproof,Technician,80.0,136.0,Pink,6400.0,Neutral,Human-Like,,45.0,1000000.0,Level w/ Mimic,140.0,122.0,156.0,,95.0,,Mr. Mime,,,
141.0,123.0,Scyther and Scizor,70.0,110.0,80.0,80.0,105.0,500.0,Bug,Flying,RU,Swarm,Steadfast,80.0,187.0,Green,6400.0,Neutral,Bug,,45.0,1000000.0,,141.0,123.0,110.0,,195.0,,Scyther,,,
144.0,124.0,Smoochum and Jynx,65.0,50.0,35.0,95.0,95.0,455.0,Ice,Psychic,NU,Oblivious,Dry Skin,60.0,137.0,Red,,F (100%),Human-Like,,45.0,1000000.0,Lv. 30,144.0,124.0,153.0,,,,Jynx,,,
146.0,125.0,evolutionary line of Elekid,65.0,83.0,57.0,85.0,105.0,490.0,Electric,,NU,Static,Vital Spirit,60.0,156.0,Yellow,,M (75%),Human-Like,,45.0,1000000.0,Lv. 30,146.0,125.0,155.0,,198.0,,Electabuzz,,,
149.0,126.0,evolutionary line of Magby,65.0,95.0,57.0,85.0,93.0,495.0,Fire,,NU,Flame Body,Vital Spirit,60.0,167.0,Red,,M (75%),Human-Like,,45.0,1000000.0,Lv. 30,149.0,126.0,151.0,,201.0,,Magmar,,,
153.0,129.0,Magikarp and Gyarados,20.0,10.0,55.0,20.0,80.0,200.0,Water,,NU,Swift Swim,Rattled,20.0,20.0,Red,1280.0,Neutral,Water 2,Dragon,255.0,1250000.0,,153.0,129.0,76.0,52.0,23.0,,Magikarp,,,
154.0,130.0,Magikarp and Gyarados,95.0,125.0,79.0,100.0,81.0,540.0,Water,Flying,OU,Intimidate,Moxie,120.0,214.0,Blue,,Neutral,Water 2,Dragon,45.0,1250000.0,Lv. 20,154.0,130.0,77.0,53.0,24.0,,Gyarados,,,
157.0,133.0,evolutionary line of Eevee,55.0,55.0,50.0,65.0,55.0,325.0,Normal,,NU,Run Away,Anticipation,20.0,92.0,Brown,8960.0,M (87.5%),Field,,45.0,1000000.0,,157.0,133.0,180.0,,163.0,,Eevee,,,
165.0,137.0,evolutionary line of Porygon,65.0,60.0,70.0,75.0,40.0,395.0,Normal,,NU,Trace,Analytic,60.0,130.0,Pink,5120.0,None,Mineral,,45.0,1000000.0,,165.0,137.0,215.0,,192.0,,Porygon,,,
168.0,138.0,Omanyte and Omastar,35.0,40.0,100.0,55.0,35.0,355.0,Rock,Water,NU,Swift Swim,Weak Armor,20.0,99.0,Blue,7680.0,M (87.5%),Water 1,Water 3,45.0,1000000.0,,168.0,138.0,220.0,,,,Omanyte,,,
169.0,139.0,Omanyte and Omastar,70.0,60.0,125.0,70.0,55.0,495.0,Rock,Water,RU,Swift Swim,Weak Armor,60.0,199.0,Blue,,M (87.5%),Water 1,Water 3,45.0,1000000.0,Lv. 40,169.0,139.0,221.0,,,,Omastar,,,
170.0,140.0,Kabuto and Kabutops,30.0,80.0,90.0,45.0,55.0,355.0,Rock,Water,NU,Swift Swim,Weak Armor,40.0,99.0,Brown,7680.0,M (87.5%),Water 1,Water 3,45.0,1000000.0,,170.0,140.0,222.0,,,,Kabuto,,,
171.0,141.0,Kabuto and Kabutops,60.0,115.0,105.0,70.0,80.0,495.0,Rock,Water,NU,Swift Swim,Weak Armor,60.0,199.0,Brown,,M (87.5%),Water 1,Water 3,45.0,1000000.0,Lv. 40,171.0,141.0,223.0,,,,Kabutops,,,
174.0,143.0,evolutionary line od Munchlax,160.0,110.0,65.0,110.0,30.0,540.0,Normal,,UU,Immunity,Gluttony,120.0,154.0,Black,10240.0,M (87.5%),Monster,,25.0,1250000.0,Friendship,174.0,143.0,225.0,,113.0,,Snorlax,,,
178.0,147.0,evolutionary line of Dratini,41.0,64.0,45.0,50.0,50.0,300.0,Dragon,,NU,Shed Skin,Marvel Scale,20.0,67.0,Blue,10240.0,Neutral,Water 1,Dragon,45.0,1250000.0,,178.0,147.0,241.0,,,,Dratini,,,
179.0,148.0,evolutionary line of Dratini,61.0,84.0,65.0,70.0,70.0,420.0,Dragon,,NU,Shed Skin,Marvel Scale,40.0,144.0,Blue,,Neutral,Water 1,Dragon,45.0,1250000.0,Lv. 30,179.0,148.0,242.0,,,,Dragonair,,,
180.0,149.0,evolutionary line of Dratini,91.0,134.0,95.0,100.0,80.0,600.0,Dragon,Flying,OU,Inner Focus,Multiscale,120.0,218.0,Brown,,Neutral,Water 1,Dragon,45.0,1250000.0,Lv. 55,180.0,149.0,243.0,,,,Dragonite,,,
183.0,152.0,evolutionary line of Chikorita,45.0,49.0,65.0,65.0,45.0,318.0,Grass,,NU,Overgrow,Leaf Guard,20.0,64.0,Green,5120.0,M (87.5%),Monster,Grass,45.0,1059860.0,,183.0,152.0,1.0,,,,Chikorita,,,
184.0,153.0,evolutionary line of Chikorita,60.0,62.0,80.0,80.0,69.0,414.0,Grass,,NU,Overgrow,Leaf Guard,40.0,141.0,Green,,M (87.5%),Monster,Grass,45.0,1059860.0,Lv. 16,184.0,153.0,2.0,,,,Bayleef,,,
185.0,154.0,evolutionary line of Chikorita,80.0,82.0,100.0,100.0,80.0,525.0,Grass,,NU,Overgrow,Leaf Guard,100.0,208.0,Green,,M (87.5%),Monster,Grass,45.0,1059860.0,Lv. 32,185.0,154.0,3.0,,,,Meganium,,,
186.0,155.0,evolutionary line of Cyndaquil,39.0,52.0,43.0,50.0,65.0,309.0,Fire,,NU,Blaze,Flash Fire,20.0,65.0,Yellow,5120.0,M (87.5%),Field,,45.0,1059860.0,,186.0,155.0,4.0,,,,Cyndaquil,,,
187.0,156.0,evolutionary line of Cyndaquil,58.0,64.0,58.0,65.0,80.0,405.0,Fire,,NU,Blaze,Flash Fire,40.0,142.0,Yellow,,M (87.5%),Field,,45.0,1059860.0,Lv. 14,187.0,156.0,5.0,,,,Quilava,,,
188.0,157.0,evolutionary line of Cyndaquil,78.0,84.0,78.0,85.0,100.0,534.0,Fire,,RU,Blaze,Flash Fire,80.0,209.0,Yellow,,M (87.5%),Field,,45.0,1059860.0,Lv. 36,188.0,157.0,6.0,,,,Typhlosion,,,
189.0,158.0,evolutionary line of Totodile,50.0,65.0,64.0,48.0,43.0,314.0,Water,,NU,Torrent,Sheer Force,20.0,66.0,Blue,5120.0,M (87.5%),Monster,Water 1,45.0,1059860.0,,189.0,158.0,7.0,,,,Totodile,,,
190.0,159.0,evolutionary line of Totodile,65.0,80.0,80.0,63.0,58.0,405.0,Water,,NU,Torrent,Sheer Force,40.0,143.0,Blue,,M (87.5%),Monster,Water 1,45.0,1059860.0,Lv. 18,190.0,159.0,8.0,,,,Croconaw,,,
191.0,160.0,evolutionary line of Totodile,85.0,105.0,100.0,83.0,78.0,530.0,Water,,RU,Torrent,Sheer Force,80.0,210.0,Blue,,M (87.5%),Monster,Water 1,45.0,1059860.0,Lv. 30,191.0,160.0,9.0,,,,Feraligatr,,,
192.0,161.0,Sentret and Furret,35.0,46.0,34.0,45.0,20.0,215.0,Normal,,NU,Run Away,Frisk,20.0,57.0,Brown,3840.0,Neutral,Field,,255.0,1000000.0,,192.0,161.0,19.0,,,,Sentret,,,
193.0,162.0,Sentret and Furret,85.0,76.0,64.0,55.0,90.0,415.0,Normal,,NU,Run Away,Frisk,60.0,116.0,Brown,,Neutral,Field,,90.0,1000000.0,Lv. 15,193.0,162.0,20.0,,,,Furret,,,
194.0,163.0,Hoothoot and Noctowl,60.0,30.0,30.0,56.0,50.0,262.0,Normal,Flying,NU,Insomnia,Tinted Lens,40.0,58.0,Brown,3840.0,Neutral,Flying,,255.0,1000000.0,,194.0,163.0,15.0,,106.0,,Hoothoot,,,
195.0,164.0,Hoothoot and Noctowl,100.0,50.0,50.0,96.0,70.0,442.0,Normal,Flying,NU,Insomnia,Tinted Lens,60.0,162.0,Brown,,Neutral,Flying,,90.0,1000000.0,Lv. 20,195.0,164.0,16.0,,107.0,,Noctowl,,,
196.0,165.0,Ledyba and Ledian,40.0,20.0,30.0,80.0,55.0,265.0,Bug,Flying,NU,Swarm,Rattled,40.0,54.0,Red,3840.0,Neutral,Bug,,255.0,800000.0,,196.0,165.0,30.0,,,,Ledyba,,,
197.0,166.0,Ledyba and Ledian,55.0,35.0,50.0,110.0,85.0,390.0,Bug,Flying,NU,Swarm,Iron Fist,60.0,134.0,Red,,Neutral,Bug,,90.0,800000.0,Lv. 18,197.0,166.0,31.0,,,,Ledian,,,
198.0,167.0,Spinarak and Ariados,40.0,60.0,40.0,40.0,30.0,250.0,Bug,Poison,NU,Swarm,Sniper,20.0,54.0,Green,3840.0,Neutral,Bug,,255.0,800000.0,,198.0,167.0,32.0,,,,Spinarak,,,
199.0,168.0,Spinarak and Ariados,70.0,90.0,70.0,60.0,40.0,390.0,Bug,Poison,NU,Swarm,Sniper,60.0,134.0,Red,,Neutral,Bug,,90.0,800000.0,Lv. 22,199.0,168.0,33.0,,,,Ariados,,,
46.0,169.0,"Zubat, Golbat, and Crobat",85.0,90.0,80.0,80.0,130.0,535.0,Poison,Flying,UU,Inner Focus,Infiltrator,80.0,204.0,Purple,,Neutral,Flying,,90.0,1000000.0,Friendship,46.0,169.0,39.0,65.0,30.0,,Crobat,,,
200.0,170.0,Chinchou and Lanturn,75.0,38.0,38.0,56.0,67.0,330.0,Water,Electric,NU,Volt Absorb,Water Absorb,40.0,90.0,Blue,5120.0,Neutral,Water 2,,190.0,1250000.0,,200.0,170.0,174.0,181.0,,,Chinchou,,,
201.0,171.0,Chinchou and Lanturn,125.0,58.0,58.0,76.0,67.0,460.0,Water,Electric,NU,Volt Absorb,Water Absorb,40.0,156.0,Blue,,Neutral,Water 2,,75.0,1250000.0,Lv. 27,201.0,171.0,175.0,182.0,,,Lanturn,,,
25.0,172.0,evolutionary line of Pichu,20.0,40.0,15.0,35.0,60.0,205.0,Electric,,NU,Static,Lightningrod,20.0,42.0,Yellow,2560.0,Neutral,-,,190.0,1000000.0,,25.0,172.0,21.0,155.0,103.0,,Pichu,,,
36.0,173.0,evolutionary line of Cleffa,50.0,25.0,28.0,55.0,15.0,218.0,Normal,,NU,Cute Charm,Friend Guard,20.0,37.0,Pink,2560.0,F (75%),-,,150.0,800000.0,,36.0,173.0,40.0,,99.0,,Cleffa,,,
41.0,174.0,evolutionary line of Igglybuff,90.0,30.0,15.0,20.0,15.0,210.0,Normal,,NU,Cute Charm,Friend Guard,20.0,39.0,Pink,2560.0,F (75%),-,,170.0,800000.0,,41.0,174.0,43.0,137.0,,,Igglybuff,,,
202.0,175.0,evolutionary line of Togepi,35.0,20.0,65.0,65.0,20.0,245.0,Normal,,NU,Hustle,Super Luck,20.0,74.0,White,2560.0,M (87.5%),-,,190.0,800000.0,,202.0,175.0,46.0,,173.0,,Togepi,,,
203.0,176.0,evolutionary line of Togepi,55.0,40.0,85.0,105.0,40.0,405.0,Normal,Flying,NU,Hustle,Super Luck,20.0,114.0,White,,M (87.5%),Flying,Fairy,75.0,800000.0,Friendship,203.0,176.0,47.0,,174.0,,Togetic,,,
205.0,177.0,Natu and Xatu,40.0,50.0,45.0,45.0,70.0,320.0,Psychic,Flying,NU,Synchronize,Magic Bounce,20.0,73.0,Green,5120.0,Neutral,Flying,,190.0,1000000.0,,205.0,177.0,159.0,162.0,,,Natu,,,
206.0,178.0,Natu and Xatu,65.0,75.0,70.0,70.0,95.0,470.0,Psychic,Flying,UU,Synchronize,Magic Bounce,40.0,171.0,Green,,Neutral,Flying,,75.0,1000000.0,Lv. 25,206.0,178.0,160.0,163.0,,,Xatu,,,
207.0,179.0,evolutionary line of Mareep,55.0,40.0,40.0,45.0,35.0,280.0,Electric,,NU,Static,Plus,20.0,59.0,White,5120.0,Neutral,Monster,Field,235.0,1059860.0,,207.0,179.0,53.0,,,,Mareep,,,
208.0,180.0,evolutionary line of Mareep,70.0,55.0,55.0,60.0,45.0,365.0,Electric,,NU,Static,Plus,40.0,117.0,Pink,,Neutral,Monster,Field,120.0,1059860.0,Lv. 15,208.0,180.0,54.0,,,,Flaaffy,,,
209.0,181.0,evolutionary line of Mareep,90.0,75.0,75.0,90.0,55.0,500.0,Electric,,NU,Static,Plus,80.0,194.0,Yellow,,Neutral,Monster,Field,45.0,1059860.0,Lv. 30,209.0,181.0,55.0,,,,Ampharos,,,
50.0,182.0,evolutionary line of Oddish,75.0,80.0,85.0,100.0,50.0,480.0,Grass,,NU,Chlorophyll,Healer,20.0,184.0,Green,,Neutral,Grass,,45.0,1059860.0,Sun Stone,50.0,182.0,86.0,91.0,,,Bellossom,,,
211.0,183.0,evolutionary line of Azurill,70.0,20.0,50.0,50.0,40.0,250.0,Water,,NU,Thick Fat,Sap Sipper,20.0,58.0,Blue,2560.0,Neutral,Water 1,Fairy,190.0,800000.0,Friendship,211.0,183.0,130.0,55.0,125.0,,Marill,,,
212.0,184.0,evolutionary line of Azurill,100.0,50.0,80.0,80.0,50.0,410.0,Water,,UU,Thick Fat,Sap Sipper,60.0,153.0,Blue,,Neutral,Water 1,Fairy,75.0,800000.0,Lv. 18,212.0,184.0,131.0,56.0,126.0,,Azumarill,,,
214.0,185.0,Bonsly and Sudowoodo,70.0,100.0,115.0,65.0,30.0,410.0,Rock,,NU,Sturdy,Rattled,60.0,135.0,Brown,5120.0,Neutral,Mineral,,65.0,1000000.0,Level w/ Mimic,214.0,185.0,106.0,,,,Sudowoodo,,,
68.0,186.0,evolutionary line of Poliwag,90.0,75.0,75.0,100.0,70.0,500.0,Water,,OU,Water Absorb,Drizzle,60.0,185.0,Green,,Neutral,Water 1,,45.0,1059860.0,Trade h/ Kings Rock,68.0,186.0,75.0,,,,Politoed,,,
215.0,187.0,evolutionary line of Hoppip,35.0,35.0,40.0,55.0,50.0,250.0,Grass,Flying,NU,Chlorophyll,Infiltrator,20.0,74.0,Pink,5120.0,Neutral,Fairy,Grass,255.0,1059860.0,,215.0,187.0,67.0,,,,Hoppip,,,
216.0,188.0,evolutionary line of Hoppip,55.0,45.0,50.0,65.0,80.0,340.0,Grass,Flying,NU,Chlorophyll,Infiltrator,20.0,136.0,Green,,Neutral,Fairy,Grass,120.0,1059860.0,Lv. 18,216.0,188.0,68.0,,,,Skiploom,,,
217.0,189.0,evolutionary line of Hoppip,75.0,55.0,70.0,85.0,110.0,450.0,Grass,Flying,NU,Chlorophyll,Infiltrator,20.0,176.0,Blue,,Neutral,Fairy,Grass,45.0,1059860.0,Lv. 27,217.0,189.0,69.0,,,,Jumpluff,,,
218.0,190.0,Aipom and Ambipom,55.0,70.0,55.0,55.0,85.0,360.0,Normal,,NU,Run Away,Skill Link,40.0,94.0,Purple,5120.0,Neutral,Field,,45.0,800000.0,,218.0,190.0,122.0,,63.0,,Aipom,,,
220.0,191.0,Sunkern and Sunflora,30.0,30.0,30.0,30.0,30.0,180.0,Grass,,NU,Chlorophyll,Early Bird,20.0,52.0,Yellow,5120.0,Neutral,Grass,,235.0,1059860.0,,220.0,191.0,102.0,,,,Sunkern,,,
221.0,192.0,Sunkern and Sunflora,75.0,75.0,55.0,85.0,30.0,425.0,Grass,,NU,Chlorophyll,Early Bird,20.0,146.0,Yellow,,Neutral,Grass,,120.0,1059860.0,Sun Stone,221.0,192.0,103.0,,,,Sunflora,,,
222.0,193.0,Yanma and Yanmega,65.0,65.0,45.0,45.0,95.0,390.0,Bug,Flying,NU,Speed Boost,Frisk,60.0,147.0,Red,5120.0,Neutral,Bug,,75.0,1000000.0,,222.0,193.0,101.0,,183.0,,Yanma,,,
224.0,194.0,Wooper and Quagsire,55.0,45.0,45.0,25.0,15.0,210.0,Water,Ground,NU,Damp,Unaware,20.0,52.0,Blue,5120.0,Neutral,Water 1,Field,255.0,1000000.0,,224.0,194.0,56.0,,117.0,,Wooper,,,
225.0,195.0,Wooper and Quagsire,95.0,85.0,85.0,65.0,35.0,430.0,Water,Ground,RU,Damp,Unaware,80.0,137.0,Blue,,Neutral,Water 1,Field,90.0,1000000.0,Lv. 20,225.0,195.0,57.0,,118.0,,Quagsire,,,
226.0,198.0,Murkrow and Honchkrow,60.0,85.0,42.0,42.0,91.0,405.0,Dark,Flying,NU,Insomnia,Prankster,20.0,107.0,Black,5120.0,Neutral,Flying,,30.0,1059860.0,,226.0,198.0,208.0,,74.0,,Murkrow,,,
87.0,199.0,evolutionary line of Slowpoke,95.0,75.0,80.0,110.0,30.0,490.0,Water,Psychic,NU,Oblivious,Regenerator,80.0,164.0,Pink,,Neutral,Monster,Water 1,70.0,1000000.0,Trade h/ Kings Rock,87.0,199.0,82.0,,,,Slowking,,,
232.0,202.0,Wynaut and Wobbuffet,190.0,33.0,58.0,58.0,33.0,405.0,Psychic,,BL,Shadow Tag,Telepathy,60.0,177.0,Blue,5120.0,Neutral,Amorphous,,45.0,1000000.0,Lv. 15,232.0,202.0,107.0,161.0,,,Wobbuffet,,,
237.0,207.0,Gligar and Gliscor,65.0,75.0,105.0,65.0,85.0,430.0,Ground,Flying,RU,Hyper Cutter,Immunity,80.0,108.0,Purple,5120.0,Neutral,Bug,,60.0,1059860.0,,237.0,207.0,189.0,,153.0,,Gligar,,,
104.0,208.0,Onix and Steelix,75.0,85.0,200.0,65.0,30.0,510.0,Steel,Ground,RU,Rock Head,Sheer Force,120.0,196.0,Gray,,Neutral,Mineral,,25.0,1000000.0,Trade h/ Metal Coat,104.0,208.0,63.0,,35.0,,Steelix,,,
239.0,209.0,Snubbull and Granbull,60.0,80.0,50.0,40.0,30.0,300.0,Normal,,NU,Intimidate,Rattled,20.0,63.0,Pink,5120.0,F (75%),Field,Fairy,190.0,800000.0,,239.0,209.0,123.0,,,,Snubbull,,,
240.0,210.0,Snubbull and Granbull,90.0,120.0,75.0,60.0,45.0,450.0,Normal,,NU,Intimidate,Rattled,60.0,178.0,Purple,,F (75%),Field,Fairy,75.0,800000.0,Lv. 23,240.0,210.0,124.0,,,,Granbull,,,
142.0,212.0,Scyther and Scizor,70.0,130.0,100.0,80.0,65.0,500.0,Bug,Steel,OU,Swarm,Light Metal,100.0,200.0,Red,,Neutral,Bug,,25.0,1000000.0,Trade h/ Metal Coat,142.0,212.0,111.0,,196.0,,Scizor,,,
244.0,215.0,Sneasel and Weavile,55.0,95.0,55.0,75.0,115.0,430.0,Dark,Ice,NU,Inner Focus,Pickpocket,60.0,132.0,Black,5120.0,Neutral,Field,,60.0,1059860.0,,244.0,215.0,213.0,,144.0,,Sneasel,,,
246.0,216.0,Teddiursa and Ursaring,60.0,80.0,50.0,50.0,40.0,330.0,Normal,,NU,Pickup,Honey Gather,20.0,124.0,Brown,5120.0,Neutral,Field,,120.0,1000000.0,,246.0,216.0,193.0,,,,Teddiursa,,,
247.0,217.0,Teddiursa and Ursaring,90.0,130.0,75.0,75.0,55.0,500.0,Normal,,NU,Guts,Unnerve,100.0,189.0,Brown,,Neutral,Field,,60.0,1000000.0,Lv. 30,247.0,217.0,194.0,,,,Ursaring,,,
254.0,223.0,Remoraid and Octillery,35.0,65.0,35.0,35.0,65.0,300.0,Water,,NU,Hustle,Moody,40.0,78.0,Gray,5120.0,Neutral,Water 1,Water 2,190.0,1000000.0,,254.0,223.0,172.0,,132.0,,Remoraid,,,
255.0,224.0,Remoraid and Octillery,75.0,105.0,75.0,75.0,45.0,480.0,Water,,NU,Suction Cups,Moody,60.0,164.0,Red,,Neutral,Water 1,Water 2,75.0,1000000.0,Lv. 25,255.0,224.0,173.0,,133.0,,Octillery,,,
134.0,230.0,evolutionary line of Horsea,75.0,95.0,95.0,95.0,85.0,540.0,Water,Dragon,UU,Swift Swim,Damp,100.0,207.0,Blue,,Neutral,Water 1,Dragon,45.0,1000000.0,Trade h/ Dragon Scale,134.0,230.0,188.0,186.0,,,Kingdra,,,
262.0,231.0,Phanpy and Donphan,90.0,60.0,60.0,40.0,40.0,330.0,Ground,,NU,Pickup,Sand Veil,60.0,124.0,Blue,5120.0,Neutral,Field,,120.0,1000000.0,,262.0,231.0,195.0,165.0,,,Phanpy,,,
263.0,232.0,Phanpy and Donphan,90.0,120.0,120.0,60.0,50.0,500.0,Ground,,UU,Sturdy,Sand Veil,100.0,189.0,Gray,,Neutral,Field,,60.0,1000000.0,Lv. 25,263.0,232.0,196.0,166.0,,,Donphan,,,
166.0,233.0,evolutionary line of Porygon,85.0,80.0,90.0,95.0,60.0,515.0,Normal,,OU,Trace,Analytic,60.0,180.0,Red,,None,Mineral,,45.0,1000000.0,Trade w/ Up-Grade,166.0,233.0,216.0,,193.0,,Porygon2,,,
115.0,236.0,evolutionary line of Tyrogue,35.0,35.0,35.0,35.0,35.0,210.0,Fighting,,NU,Guts,Vital Spirit,40.0,91.0,Purple,6400.0,M (100%),-,,75.0,1000000.0,,115.0,236.0,143.0,,,,Tyrogue,,,
118.0,237.0,evolutionary line of Tyrogue,50.0,95.0,95.0,110.0,70.0,455.0,Fighting,,UU,Intimidate,Steadfast,60.0,138.0,Brown,,M (100%),Human-Like,,45.0,1000000.0,Lv. 20 (Atk=Def),118.0,237.0,146.0,,,,Hitmontop,,,
143.0,238.0,Smoochum and Jynx,45.0,30.0,15.0,65.0,65.0,305.0,Ice,Psychic,NU,Oblivious,Hydration,20.0,87.0,Pink,6400.0,F (100%),-,,45.0,1000000.0,,143.0,238.0,152.0,,,,Smoochum,,,
145.0,239.0,evolutionary line of Elekid,45.0,63.0,37.0,55.0,95.0,360.0,Electric,,NU,Static,Vital Spirit,40.0,106.0,Yellow,6400.0,M (75%),-,,45.0,1000000.0,,145.0,239.0,154.0,,197.0,,Elekid,,,
148.0,240.0,evolutionary line of Magby,45.0,75.0,37.0,55.0,83.0,365.0,Fire,,NU,Flame Body,Vital Spirit,40.0,117.0,Red,6400.0,M (75%),-,,45.0,1000000.0,,148.0,240.0,150.0,,200.0,,Magby,,,
128.0,242.0,evolutionary line of Happiny,255.0,10.0,10.0,135.0,55.0,540.0,Normal,,OU,Natural Cure,Healer,60.0,255.0,Pink,,F (100%),Fairy,,30.0,800000.0,Friendship,128.0,242.0,218.0,,98.0,,Blissey,,,
270.0,246.0,evolutionary line of Larvitar,50.0,64.0,50.0,50.0,41.0,300.0,Rock,Ground,NU,Guts,Sand Veil,80.0,67.0,Green,10240.0,Neutral,Monster,,45.0,1250000.0,,270.0,246.0,244.0,,,,Larvitar,,,
271.0,247.0,evolutionary line of Larvitar,70.0,84.0,70.0,70.0,51.0,410.0,Rock,Ground,NU,Shed Skin,,100.0,144.0,Gray,,Neutral,Monster,,45.0,1250000.0,Lv. 30,271.0,247.0,245.0,,,,Pupitar,,,
272.0,248.0,evolutionary line of Larvitar,100.0,134.0,110.0,100.0,61.0,600.0,Rock,Dark,OU,Sand Stream,Unnerve,120.0,218.0,Green,,Neutral,Monster,,45.0,1250000.0,Lv. 55,272.0,248.0,246.0,,,,Tyranitar,,,
279.0,255.0,evolutionary line of Torchic,45.0,60.0,40.0,50.0,45.0,310.0,Fire,,NU,Blaze,Speed Boost,20.0,65.0,Red,5120.0,M (87.5%),Field,,45.0,1059860.0,,279.0,255.0,,4.0,,,Torchic,,,
280.0,256.0,evolutionary line of Torchic,60.0,85.0,60.0,60.0,55.0,405.0,Fire,Fighting,NU,Blaze,Speed Boost,40.0,142.0,Red,,M (87.5%),Field,,45.0,1059860.0,Lv. 16,280.0,256.0,,5.0,,,Combusken,,,
281.0,257.0,evolutionary line of Torchic,80.0,120.0,70.0,70.0,80.0,530.0,Fire,Fighting,Uber,Blaze,Speed Boost,80.0,209.0,Red,,M (87.5%),Field,,45.0,1059860.0,Lv. 36,281.0,257.0,,6.0,,,Blaziken,,,
282.0,258.0,evolutionary line of Mudkip,50.0,70.0,50.0,50.0,40.0,310.0,Water,,NU,Torrent,Damp,20.0,65.0,Blue,5120.0,M (87.5%),Monster,Water 1,45.0,1059860.0,,282.0,258.0,,7.0,,,Mudkip,,,
283.0,259.0,evolutionary line of Mudkip,70.0,85.0,70.0,70.0,50.0,405.0,Water,Ground,NU,Torrent,Damp,60.0,143.0,Blue,,M (87.5%),Monster,Water 1,45.0,1059860.0,Lv. 16,283.0,259.0,,8.0,,,Marshtomp,,,
284.0,260.0,evolutionary line of Mudkip,100.0,110.0,90.0,90.0,60.0,535.0,Water,Ground,OU,Torrent,Damp,80.0,210.0,Blue,,M (87.5%),Monster,Water 1,45.0,1059860.0,Lv. 36,284.0,260.0,,9.0,,,Swampert,,,
295.0,271.0,evolutionary line of Lotad,60.0,50.0,50.0,70.0,50.0,340.0,Water,Grass,NU,Swift Swim,Own Tempo,60.0,141.0,Green,,Neutral,Water 1,Grass,120.0,1059860.0,Lv. 14,295.0,271.0,,20.0,,,Lombre,,,
296.0,272.0,evolutionary line of Lotad,80.0,70.0,70.0,100.0,70.0,480.0,Water,Grass,NU,Swift Swim,Own Tempo,80.0,181.0,Green,,Neutral,Water 1,Grass,45.0,1059860.0,Water Stone,296.0,272.0,,21.0,,,Ludicolo,,,
302.0,278.0,Wingull and Pelipper,40.0,30.0,30.0,30.0,85.0,270.0,Water,Flying,NU,Keen Eye,Rain Dish,20.0,64.0,White,5120.0,Neutral,Water 1,Flying,190.0,1000000.0,,302.0,278.0,,27.0,119.0,,Wingull,,,
303.0,279.0,Wingull and Pelipper,60.0,50.0,100.0,70.0,65.0,430.0,Water,Flying,NU,Keen Eye,Rain Dish,60.0,164.0,Yellow,,Neutral,Water 1,Flying,45.0,1000000.0,Lv. 25,303.0,279.0,,28.0,120.0,,Pelipper,,,
305.0,281.0,evolutionary line of Ralts,38.0,35.0,35.0,55.0,50.0,278.0,Psychic,,NU,Synchronize,Telepathy,40.0,140.0,White,,Neutral,Amorphous,,120.0,1250000.0,Lv. 20,305.0,281.0,,30.0,158.0,,Kirlia,,,
306.0,282.0,evolutionary line of Ralts,68.0,65.0,65.0,115.0,80.0,518.0,Psychic,,NU,Synchronize,Telepathy,60.0,208.0,White,,Neutral,Amorphous,,45.0,1250000.0,Lv. 30,306.0,282.0,,31.0,159.0,,Gardevoir,,,
313.0,288.0,evolutionary line of Slakoth,80.0,80.0,80.0,55.0,90.0,440.0,Normal,,NU,Vital Spirit,,60.0,126.0,White,,Neutral,Field,,120.0,1250000.0,Lv. 18,313.0,288.0,,37.0,,,Vigoroth,,,
316.0,291.0,evolutionary line of Nincada,61.0,90.0,45.0,50.0,160.0,456.0,Bug,Flying,NU,Speed Boost,Infiltrator,40.0,155.0,Yellow,,Neutral,Bug,,120.0,600000.0,Lv. 20,316.0,291.0,,43.0,,,Ninjask,,,
321.0,296.0,Makuhita and Hariyama,72.0,60.0,30.0,30.0,25.0,237.0,Fighting,,NU,Thick Fat,Sheer Force,80.0,87.0,Yellow,5120.0,M (75%),Human-Like,,180.0,1640000.0,,321.0,296.0,,48.0,,,Makuhita,,,
322.0,297.0,Makuhita and Hariyama,144.0,120.0,60.0,60.0,50.0,474.0,Fighting,,RU,Thick Fat,Sheer Force,120.0,184.0,Brown,,M (75%),Human-Like,,200.0,1640000.0,Lv. 24,322.0,297.0,,49.0,,,Hariyama,,,
210.0,298.0,evolutionary line of Azurill,50.0,20.0,40.0,40.0,20.0,190.0,Normal,,NU,Thick Fat,Sap Sipper,20.0,33.0,Blue,2560.0,M (75%),-,,150.0,800000.0,,210.0,298.0,,54.0,124.0,,Azurill,,,
325.0,300.0,Skitty and Delcatty,50.0,45.0,45.0,35.0,50.0,260.0,Normal,,NU,Cute Charm,Wonder Skin,40.0,65.0,Pink,3840.0,F (75%),Field,Fairy,255.0,800000.0,,325.0,300.0,,61.0,,,Skitty,,,
326.0,301.0,Skitty and Delcatty,70.0,65.0,65.0,55.0,70.0,380.0,Normal,,NU,Cute Charm,Wonder Skin,60.0,138.0,Purple,,F (75%),Field,Fairy,60.0,800000.0,Moon Stone,326.0,301.0,,62.0,,,Delcatty,,,
341.0,315.0,evolutionary line of Budew,50.0,60.0,45.0,80.0,65.0,400.0,Grass,Poison,NU,Natural Cure,Leaf Guard,20.0,152.0,Green,5120.0,Neutral,Fairy,Grass,150.0,1059860.0,Morn/Day Friendship,341.0,315.0,,94.0,26.0,,Roselia,,,
345.0,318.0,Carvanha and Sharpedo,45.0,90.0,20.0,20.0,65.0,305.0,Water,Dark,NU,Rough Skin,Speed Boost,40.0,88.0,Red,5120.0,Neutral,Water 2,,225.0,1250000.0,,345.0,318.0,,97.0,,,Carvanha,,,
346.0,319.0,Carvanha and Sharpedo,70.0,120.0,40.0,40.0,95.0,460.0,Water,Dark,RU,Rough Skin,Speed Boost,80.0,175.0,Blue,,Neutral,Water 2,,60.0,1250000.0,Lv. 30,346.0,319.0,,98.0,,,Sharpedo,,,
347.0,320.0,Wailmer and Wailord,130.0,70.0,35.0,35.0,60.0,400.0,Water,,NU,Water Veil,Pressure,100.0,137.0,Blue,10240.0,Neutral,Field,Water 2,125.0,1640000.0,,347.0,320.0,,99.0,,,Wailmer,,,
348.0,321.0,Wailmer and Wailord,170.0,90.0,45.0,45.0,60.0,500.0,Water,,NU,Water Veil,Pressure,120.0,206.0,Blue,,Neutral,Field,Water 2,60.0,1640000.0,Lv. 40,348.0,321.0,,100.0,,,Wailord,,,
350.0,323.0,Numel and Camerupt,70.0,100.0,70.0,75.0,40.0,460.0,Fire,Ground,NU,Magma Armor,Anger Point,120.0,175.0,Red,,Neutral,Field,,150.0,1000000.0,Lv. 33,350.0,323.0,,102.0,,,Camerupt,,,
352.0,325.0,Spoink and Grumpig,60.0,25.0,35.0,80.0,60.0,330.0,Psychic,,NU,Thick Fat,Gluttony,60.0,89.0,Black,5120.0,Neutral,Field,,255.0,800000.0,,352.0,325.0,,110.0,,,Spoink,,,
358.0,331.0,Cacnea and Cacturne,50.0,85.0,40.0,40.0,35.0,335.0,Grass,,NU,Sand Veil,Water Absorb,80.0,97.0,Green,5120.0,Neutral,Grass,Human-Like,190.0,1059860.0,,358.0,331.0,,119.0,,,Cacnea,,,
359.0,332.0,Cacnea and Cacturne,70.0,115.0,60.0,60.0,55.0,475.0,Grass,Dark,NU,Sand Veil,Water Absorb,80.0,177.0,Green,,Neutral,Grass,Human-Like,60.0,1059860.0,Lv. 32,359.0,332.0,,120.0,,,Cacturne,,,
361.0,334.0,evolutionary line of Swablu,75.0,70.0,90.0,105.0,80.0,490.0,Dragon,Flying,NU,Natural Cure,Cloud Nine,40.0,188.0,Blue,,Neutral,Flying,Dragon,45.0,600000.0,Lv. 35,361.0,334.0,,122.0,172.0,,Altaria,,,
366.0,339.0,evolutionary line of Barboach,50.0,48.0,43.0,41.0,60.0,288.0,Water,Ground,NU,Oblivious,Hydration,20.0,92.0,Gray,5120.0,Neutral,Water 2,,190.0,1000000.0,,366.0,339.0,,127.0,80.0,,Barboach,,,
374.0,347.0,Anorith and Armaldo,45.0,95.0,50.0,50.0,75.0,355.0,Rock,Bug,NU,Battle Armor,Swift Swim,40.0,99.0,Gray,7680.0,M (87.5%),Water 3,,45.0,600000.0,,374.0,347.0,,135.0,,,Anorith,,,
375.0,348.0,Anorith and Armaldo,75.0,125.0,100.0,80.0,45.0,495.0,Rock,Bug,NU,Battle Armor,Swift Swim,80.0,199.0,Gray,,M (87.5%),Water 3,,45.0,600000.0,Lv. 40,375.0,348.0,,136.0,,,Armaldo,,,
231.0,360.0,Wynaut and Wobbuffet,95.0,23.0,48.0,48.0,23.0,260.0,Psychic,,NU,Shadow Tag,Telepathy,40.0,44.0,Blue,5120.0,Neutral,-,,125.0,1000000.0,,231.0,360.0,,160.0,,,Wynaut,,,
392.0,363.0,evolutionary line of Spheal,70.0,40.0,50.0,50.0,25.0,290.0,Ice,Water,NU,Thick Fat,Oblivious,60.0,75.0,Blue,5120.0,Neutral,Water 1,Field,255.0,1059860.0,,392.0,363.0,,173.0,,,Spheal,,,
404.0,375.0,evolutionary line of Beldum,60.0,75.0,100.0,80.0,50.0,420.0,Steel,Psychic,NU,Clear Body,Light Metal,120.0,153.0,Blue,,None,Mineral,,3.0,1250000.0,Lv. 20,404.0,375.0,,191.0,,,Metang,,,
418.0,389.0,evolutionary line of Turtwig,95.0,109.0,105.0,85.0,56.0,525.0,Grass,Ground,NU,Overgrow,Shell Armor,120.0,208.0,Green,,M (87.5%),Monster,Grass,45.0,1059860.0,Lv. 32,418.0,389.0,,,3.0,,Torterra,,,
433.0,404.0,evolutionary line of Shinx,60.0,85.0,49.0,49.0,60.0,363.0,Electric,,NU,Rivalry,Guts,60.0,117.0,Blue,,Neutral,Field,,120.0,1059860.0,Lv. 15,433.0,404.0,,,18.0,,Luxio,,,
434.0,405.0,evolutionary line of Shinx,80.0,120.0,79.0,79.0,70.0,523.0,Electric,,NU,Rivalry,Guts,60.0,194.0,Blue,,Neutral,Field,,45.0,1059860.0,Lv. 30,434.0,405.0,,,19.0,,Luxray,,,
342.0,407.0,evolutionary line of Budew,60.0,70.0,55.0,105.0,90.0,505.0,Grass,Poison,UU,Natural Cure,Technician,40.0,204.0,Green,,Neutral,Fairy,Grass,75.0,1059860.0,Shiny Stone,342.0,407.0,,,27.0,,Roserade,,,
438.0,411.0,Shieldon and Bastiodon,60.0,52.0,168.0,138.0,30.0,495.0,Rock,Steel,NU,Sturdy,Soundproof,100.0,199.0,Gray,,M (87.5%),Monster,,45.0,600000.0,Lv. 30,438.0,411.0,,,39.0,,Bastiodon,,,
219.0,424.0,Aipom and Ambipom,75.0,100.0,66.0,66.0,115.0,482.0,Normal,,UU,Technician,Skill Link,40.0,186.0,Purple,,Neutral,Field,,45.0,800000.0,Level w/ Double Hit,219.0,424.0,,,64.0,,Ambipom,,,
227.0,430.0,Murkrow and Honchkrow,100.0,125.0,52.0,52.0,71.0,505.0,Dark,Flying,RU,Insomnia,Moxie,60.0,187.0,Black,,Neutral,Flying,,30.0,1059860.0,Dusk Stone,227.0,430.0,,,75.0,,Honchkrow,,,
213.0,438.0,Bonsly and Sudowoodo,50.0,80.0,95.0,45.0,10.0,290.0,Rock,,NU,Sturdy,Rattled,40.0,68.0,Brown,5120.0,Neutral,-,,255.0,1000000.0,,213.0,438.0,,,92.0,,Bonsly,,,
139.0,439.0,Mime Jr. and Mr. Mime,20.0,25.0,45.0,90.0,60.0,310.0,Psychic,,NU,Soundproof,Technician,40.0,78.0,Pink,6400.0,Neutral,-,,145.0,1000000.0,,139.0,439.0,,,94.0,,Mime Jr.,,,
126.0,440.0,evolutionary line of Happiny,100.0,5.0,5.0,65.0,30.0,220.0,Normal,,NU,Natural Cure,Friend Guard,40.0,255.0,Pink,10240.0,F (100%),-,,130.0,800000.0,,126.0,440.0,,,96.0,,Happiny,,,
173.0,446.0,evolutionary line od Munchlax,135.0,85.0,40.0,85.0,5.0,390.0,Normal,,NU,Pickup,Gluttony,100.0,94.0,Black,10240.0,M (87.5%),-,,50.0,1250000.0,,173.0,446.0,,,112.0,,Munchlax,,,
466.0,447.0,Rilou and Lucario,40.0,70.0,40.0,40.0,60.0,285.0,Fighting,,NU,Steadfast,Prankster,40.0,72.0,Blue,6400.0,M (87.5%),-,,75.0,1059860.0,,466.0,447.0,,,115.0,,Riolu,,,
467.0,448.0,Rilou and Lucario,70.0,110.0,70.0,70.0,90.0,525.0,Fighting,Steel,OU,Steadfast,Justified,80.0,204.0,Blue,,M (87.5%),Field,Human-Like,45.0,1059860.0,Morn/Day Friendship,467.0,448.0,,,116.0,,Lucario,,,
468.0,449.0,Hippopotas and Hippowdon,68.0,72.0,78.0,42.0,32.0,330.0,Ground,,UU,Sand Stream,Sand Force,60.0,95.0,Brown,7680.0,Neutral,Field,,140.0,1250000.0,,468.0,449.0,,,122.0,,Hippopotas,,,
476.0,457.0,Finneon and Lumineon,69.0,69.0,76.0,86.0,91.0,460.0,Water,,NU,Swift Swim,Water Veil,40.0,156.0,Blue,,Neutral,Water 2,,75.0,600000.0,Lv. 31,476.0,457.0,,,135.0,,Lumineon,,,
245.0,461.0,Sneasel and Weavile,70.0,120.0,65.0,85.0,125.0,510.0,Dark,Ice,UU,Pressure,Pickpocket,60.0,199.0,Black,,Neutral,Field,,45.0,1059860.0,Nite Level h/ Razor Claw,245.0,461.0,,,145.0,,Weavile,,,
90.0,462.0,evolutionary line of Magnemite,70.0,70.0,115.0,90.0,60.0,535.0,Electric,Steel,OU,Magnet Pull,Analytic,100.0,211.0,Gray,,None,Mineral,,30.0,1000000.0,Level a/ Mt. Coronet,90.0,462.0,,,180.0,,Magnezone,,,
120.0,463.0,Lickitung and Lickilicky,110.0,85.0,95.0,95.0,50.0,515.0,Normal,,NU,Own Tempo,Cloud Nine,100.0,193.0,Pink,,Neutral,Monster,,30.0,1000000.0,Level w/ Rollout,120.0,463.0,,,162.0,,Lickilicky,,,
125.0,464.0,evolutionary line of Rhyhorn,115.0,140.0,130.0,55.0,40.0,535.0,Ground,Rock,RU,Lightningrod,Reckless,120.0,217.0,Gray,,Neutral,Monster,Field,30.0,1250000.0,Trade h/ Protector,125.0,464.0,,,188.0,,Rhyperior,,,
130.0,465.0,Tangela and Tangrowth,100.0,100.0,125.0,50.0,50.0,535.0,Grass,,UU,Chlorophyll,Regenerator,100.0,211.0,Blue,,Neutral,Grass,,30.0,1000000.0,Level w/ Ancientpower,130.0,465.0,,,182.0,,Tangrowth,,,
147.0,466.0,evolutionary line of Elekid,75.0,123.0,67.0,85.0,95.0,540.0,Electric,,RU,Motor Drive,Vital Spirit,100.0,199.0,Yellow,,M (75%),Human-Like,,30.0,1000000.0,Trade h/ Electrizer,147.0,466.0,,,199.0,,Electivire,,,
150.0,467.0,evolutionary line of Magby,75.0,95.0,67.0,95.0,83.0,540.0,Fire,,NU,Flame Body,Vital Spirit,80.0,199.0,Red,,M (75%),Human-Like,,30.0,1000000.0,Trade h/ Magmarizer,150.0,467.0,,,202.0,,Magmortar,,,
204.0,468.0,evolutionary line of Togepi,85.0,50.0,95.0,115.0,80.0,545.0,Normal,Flying,UU,Hustle,Super Luck,60.0,220.0,White,,M (87.5%),Flying,Fairy,30.0,800000.0,Shiny Stone,204.0,468.0,,,175.0,,Togekiss,,,
223.0,469.0,Yanma and Yanmega,86.0,76.0,86.0,56.0,95.0,515.0,Bug,Flying,RU,Speed Boost,Frisk,80.0,198.0,Green,,Neutral,Bug,,30.0,1000000.0,Level w/ Ancientpower,223.0,469.0,,,184.0,,Yanmega,,,
238.0,472.0,Gligar and Gliscor,75.0,95.0,125.0,75.0,95.0,510.0,Ground,Flying,OU,Hyper Cutter,Poison Heal,60.0,192.0,Purple,,Neutral,Bug,,30.0,1059860.0,Nite Level h/ Razor Fang,238.0,472.0,,,154.0,,Gliscor,,,
167.0,474.0,evolutionary line of Porygon,85.0,80.0,70.0,75.0,90.0,535.0,Normal,,RU,Adaptability,Analytic,60.0,185.0,Red,,None,Mineral,,30.0,1000000.0,Trade w/ Dubious Disc,167.0,474.0,,,194.0,,Porygon-Z,,,
